MRS,SRS,TST,TRP,ARC,SWD
MRS-001,SRS-001,TST-001,TRP-001,,
MRS-001,SRS-001,,,ARC-001,SWD-001
MRS-001,SRS-001,,,ARC-002,SWD-001
MRS-001,SRS-001,,,ARC-004,SWD-001
MRS-001,SRS-001,,,ARC-004,SWD-002
MRS-001,SRS-001,,,ARC-004,SWD-003
MRS-001,SRS-001,,,ARC-004,SWD-004
MRS-001,SRS-001,,,ARC-004,SWD-005
MRS-001,SRS-001,,,ARC-004,SWD-006
MRS-001,SRS-001,,,ARC-004,SWD-007
MRS-002,SRS-002,TST-001,TRP-001,,
MRS-002,SRS-002,,,ARC-001,SWD-001
MRS-002,SRS-002,,,ARC-002,SWD-001
MRS-002,SRS-002,,,ARC-004,SWD-001
MRS-002,SRS-002,,,ARC-004,SWD-002
MRS-002,SRS-002,,,ARC-004,SWD-003
MRS-002,SRS-002,,,ARC-004,SWD-004
MRS-002,SRS-002,,,ARC-004,SWD-005
MRS-002,SRS-002,,,ARC-004,SWD-006
MRS-002,SRS-002,,,ARC-004,SWD-007
MRS-002,SRS-003,TST-001,TRP-001,,
MRS-003,SRS-004,TST-001,TRP-001,,
MRS-004,SRS-005,TST-001,TRP-001,,
MRS-004,SRS-005,,,ARC-004,SWD-001
MRS-004,SRS-005,,,ARC-004,SWD-002
MRS-004,SRS-005,,,ARC-004,SWD-003
MRS-004,SRS-005,,,ARC-004,SWD-004
MRS-004,SRS-005,,,ARC-004,SWD-005
MRS-004,SRS-005,,,ARC-004,SWD-006
MRS-004,SRS-005,,,ARC-004,SWD-007
MRS-005,SRS-006,TST-008,TRP-008,,
MRS-005,SRS-006,,,ARC-003,SWD-001
MRS-005,SRS-006,,,ARC-003,SWD-002
MRS-005,SRS-006,,,ARC-003,SWD-003
MRS-005,SRS-006,,,ARC-003,SWD-004
MRS-005,SRS-006,,,ARC-003,SWD-005
MRS-005,SRS-006,,,ARC-003,SWD-006
MRS-005,SRS-006,,,ARC-003,SWD-007
MRS-005,SRS-006,,,ARC-004,SWD-001
MRS-005,SRS-006,,,ARC-004,SWD-002
MRS-005,SRS-006,,,ARC-004,SWD-003
MRS-005,SRS-006,,,ARC-004,SWD-004
MRS-005,SRS-006,,,ARC-004,SWD-005
MRS-005,SRS-006,,,ARC-004,SWD-006
MRS-005,SRS-006,,,ARC-004,SWD-007
MRS-006,,,,,
MRS-007,,,,,
MRS-008,SRS-007,TST-020,TRP-018,,
MRS-009,,,,,
MRS-010,,,,,
MRS-011,SRS-008,TST-009,TRP-009,,
MRS-011,SRS-008,,,ARC-001,SWD-001
MRS-011,SRS-008,,,ARC-002,SWD-001
MRS-011,SRS-008,,,ARC-003,SWD-001
MRS-011,SRS-008,,,ARC-003,SWD-002
MRS-011,SRS-008,,,ARC-003,SWD-003
MRS-011,SRS-008,,,ARC-003,SWD-004
MRS-011,SRS-008,,,ARC-003,SWD-005
MRS-011,SRS-008,,,ARC-003,SWD-006
MRS-011,SRS-008,,,ARC-003,SWD-007
MRS-011,SRS-008,,,ARC-004,SWD-001
MRS-011,SRS-008,,,ARC-004,SWD-002
MRS-011,SRS-008,,,ARC-004,SWD-003
MRS-011,SRS-008,,,ARC-004,SWD-004
MRS-011,SRS-008,,,ARC-004,SWD-005
MRS-011,SRS-008,,,ARC-004,SWD-006
MRS-011,SRS-008,,,ARC-004,SWD-007
MRS-011,SRS-009,TST-009,TRP-009,,
MRS-011,SRS-009,,,ARC-003,SWD-001
MRS-011,SRS-009,,,ARC-003,SWD-002
MRS-011,SRS-009,,,ARC-003,SWD-003
MRS-011,SRS-009,,,ARC-003,SWD-004
MRS-011,SRS-009,,,ARC-003,SWD-005
MRS-011,SRS-009,,,ARC-003,SWD-006
MRS-011,SRS-009,,,ARC-003,SWD-007
MRS-011,SRS-009,,,ARC-004,SWD-001
MRS-011,SRS-009,,,ARC-004,SWD-002
MRS-011,SRS-009,,,ARC-004,SWD-003
MRS-011,SRS-009,,,ARC-004,SWD-004
MRS-011,SRS-009,,,ARC-004,SWD-005
MRS-011,SRS-009,,,ARC-004,SWD-006
MRS-011,SRS-009,,,ARC-004,SWD-007
MRS-011,SRS-010,TST-009,TRP-009,,
MRS-011,SRS-010,,,ARC-001,SWD-001
MRS-011,SRS-010,,,ARC-002,SWD-001
MRS-011,SRS-010,,,ARC-003,SWD-001
MRS-011,SRS-010,,,ARC-003,SWD-002
MRS-011,SRS-010,,,ARC-003,SWD-003
MRS-011,SRS-010,,,ARC-003,SWD-004
MRS-011,SRS-010,,,ARC-003,SWD-005
MRS-011,SRS-010,,,ARC-003,SWD-006
MRS-011,SRS-010,,,ARC-003,SWD-007
MRS-011,SRS-010,,,ARC-004,SWD-001
MRS-011,SRS-010,,,ARC-004,SWD-002
MRS-011,SRS-010,,,ARC-004,SWD-003
MRS-011,SRS-010,,,ARC-004,SWD-004
MRS-011,SRS-010,,,ARC-004,SWD-005
MRS-011,SRS-010,,,ARC-004,SWD-006
MRS-011,SRS-010,,,ARC-004,SWD-007
MRS-012,SRS-044,TST-017,TRP-015,,
MRS-013,SRS-047,,,,
MRS-014,SRS-012,TST-010,TRP-010,,
MRS-014,SRS-012,,,ARC-001,SWD-001
MRS-015,SRS-001,TST-001,TRP-001,,
MRS-015,SRS-001,,,ARC-001,SWD-001
MRS-015,SRS-001,,,ARC-002,SWD-001
MRS-015,SRS-001,,,ARC-004,SWD-001
MRS-015,SRS-001,,,ARC-004,SWD-002
MRS-015,SRS-001,,,ARC-004,SWD-003
MRS-015,SRS-001,,,ARC-004,SWD-004
MRS-015,SRS-001,,,ARC-004,SWD-005
MRS-015,SRS-001,,,ARC-004,SWD-006
MRS-015,SRS-001,,,ARC-004,SWD-007
MRS-015,SRS-002,TST-001,TRP-001,,
MRS-015,SRS-002,,,ARC-001,SWD-001
MRS-015,SRS-002,,,ARC-002,SWD-001
MRS-015,SRS-002,,,ARC-004,SWD-001
MRS-015,SRS-002,,,ARC-004,SWD-002
MRS-015,SRS-002,,,ARC-004,SWD-003
MRS-015,SRS-002,,,ARC-004,SWD-004
MRS-015,SRS-002,,,ARC-004,SWD-005
MRS-015,SRS-002,,,ARC-004,SWD-006
MRS-015,SRS-002,,,ARC-004,SWD-007
MRS-015,SRS-013,TST-004,TRP-004,,
MRS-015,SRS-013,,,ARC-003,SWD-001
MRS-015,SRS-013,,,ARC-003,SWD-002
MRS-015,SRS-013,,,ARC-003,SWD-003
MRS-015,SRS-013,,,ARC-003,SWD-004
MRS-015,SRS-013,,,ARC-003,SWD-005
MRS-015,SRS-013,,,ARC-003,SWD-006
MRS-015,SRS-013,,,ARC-003,SWD-007
MRS-015,SRS-013,,,ARC-004,SWD-001
MRS-015,SRS-013,,,ARC-004,SWD-002
MRS-015,SRS-013,,,ARC-004,SWD-003
MRS-015,SRS-013,,,ARC-004,SWD-004
MRS-015,SRS-013,,,ARC-004,SWD-005
MRS-015,SRS-013,,,ARC-004,SWD-006
MRS-015,SRS-013,,,ARC-004,SWD-007
MRS-016,SRS-041,TST-013,TRP-013,,
MRS-017,SRS-041,TST-013,TRP-013,,
MRS-018,SRS-014,TST-003,TRP-003,,
MRS-018,SRS-014,,,ARC-001,SWD-001
MRS-018,SRS-014,,,ARC-002,SWD-001
MRS-019,SRS-019,,,,
MRS-019,SRS-039,,,,
MRS-020,SRS-015,TST-011,TRP-011,,
MRS-020,SRS-015,TST-019,TRP-017,,
MRS-020,SRS-015,,,ARC-001,SWD-001
MRS-020,SRS-015,,,ARC-002,SWD-001
MRS-020,SRS-042,TST-014,TRP-014,,
MRS-020,SRS-043,TST-008,TRP-008,,
MRS-021,,,,,
MRS-022,SRS-015,TST-011,TRP-011,,
MRS-022,SRS-015,TST-019,TRP-017,,
MRS-022,SRS-015,,,ARC-001,SWD-001
MRS-022,SRS-015,,,ARC-002,SWD-001
MRS-023,SRS-015,TST-011,TRP-011,,
MRS-023,SRS-015,TST-019,TRP-017,,
MRS-023,SRS-015,,,ARC-001,SWD-001
MRS-023,SRS-015,,,ARC-002,SWD-001
MRS-023,SRS-046,TST-019,TRP-017,,
MRS-023,SRS-046,,,ARC-001,SWD-001
MRS-023,SRS-046,,,ARC-002,SWD-001
MRS-024,SRS-045,TST-019,TRP-017,,
MRS-024,SRS-045,,,ARC-001,SWD-001
MRS-024,SRS-045,,,ARC-002,SWD-001
MRS-025,SRS-015,TST-011,TRP-011,,
MRS-025,SRS-015,TST-019,TRP-017,,
MRS-025,SRS-015,,,ARC-001,SWD-001
MRS-025,SRS-015,,,ARC-002,SWD-001
MRS-025,SRS-046,TST-019,TRP-017,,
MRS-025,SRS-046,,,ARC-001,SWD-001
MRS-025,SRS-046,,,ARC-002,SWD-001
MRS-026,SRS-015,TST-011,TRP-011,,
MRS-026,SRS-015,TST-019,TRP-017,,
MRS-026,SRS-015,,,ARC-001,SWD-001
MRS-026,SRS-015,,,ARC-002,SWD-001
MRS-027,SRS-015,TST-011,TRP-011,,
MRS-027,SRS-015,TST-019,TRP-017,,
MRS-027,SRS-015,,,ARC-001,SWD-001
MRS-027,SRS-015,,,ARC-002,SWD-001
MRS-028,SRS-043,TST-008,TRP-008,,
MRS-029,SRS-015,TST-011,TRP-011,,
MRS-029,SRS-015,TST-019,TRP-017,,
MRS-029,SRS-015,,,ARC-001,SWD-001
MRS-029,SRS-015,,,ARC-002,SWD-001
MRS-029,SRS-043,TST-008,TRP-008,,
MRS-030,,,,,
MRS-031,,,,,
MRS-032,SRS-043,TST-008,TRP-008,,
MRS-033,SRS-042,TST-014,TRP-014,,
MRS-034,SRS-015,TST-011,TRP-011,,
MRS-034,SRS-015,TST-019,TRP-017,,
MRS-034,SRS-015,,,ARC-001,SWD-001
MRS-034,SRS-015,,,ARC-002,SWD-001
MRS-034,SRS-042,TST-014,TRP-014,,
MRS-035,SRS-048,TST-021,TRP-019,,
MRS-035,SRS-048,,,ARC-005,
MRS-035,SRS-048,,,ARC-006,
MRS-035,SRS-049,TST-022,TRP-020,,
MRS-035,SRS-049,,,ARC-005,
MRS-035,SRS-049,,,ARC-008,SWD-011
MRS-035,SRS-049,,,ARC-008,SWD-012
MRS-035,SRS-049,,,ARC-008,SWD-013
MRS-035,SRS-049,,,ARC-008,SWD-014
MRS-035,SRS-050,TST-028,TRP-021,,
MRS-035,SRS-050,,,ARC-007,
MRS-035,SRS-051,TST-023,TRP-022,,
MRS-035,SRS-051,TST-026,TRP-024,,
MRS-035,SRS-051,,,ARC-012,SWD-010
MRS-035,SRS-052,TST-023,TRP-022,,
MRS-035,SRS-052,TST-026,TRP-024,,
MRS-035,SRS-052,,,ARC-009,SWD-008
MRS-035,SRS-054,TST-023,TRP-022,,
MRS-035,SRS-054,TST-026,TRP-024,,
MRS-035,SRS-054,,,ARC-009,SWD-008
MRS-035,SRS-055,TST-025,TRP-025,,
MRS-035,SRS-055,,,ARC-011,SWD-009
MRS-037,SRS-046,TST-019,TRP-017,,
MRS-037,SRS-046,,,ARC-001,SWD-001
MRS-037,SRS-046,,,ARC-002,SWD-001
MRS-038,SRS-016,,,,
MRS-038,SRS-049,TST-022,TRP-020,,
MRS-038,SRS-049,,,ARC-005,
MRS-038,SRS-049,,,ARC-008,SWD-011
MRS-038,SRS-049,,,ARC-008,SWD-012
MRS-038,SRS-049,,,ARC-008,SWD-013
MRS-038,SRS-049,,,ARC-008,SWD-014
MRS-038,SRS-051,TST-023,TRP-022,,
MRS-038,SRS-051,TST-026,TRP-024,,
MRS-038,SRS-051,,,ARC-012,SWD-010
MRS-038,SRS-055,TST-025,TRP-025,,
MRS-038,SRS-055,,,ARC-011,SWD-009
MRS-039,SRS-017,,,ARC-001,SWD-001
MRS-039,SRS-017,,,ARC-002,SWD-001
MRS-039,SRS-044,TST-017,TRP-015,,
MRS-040,SRS-011,,,ARC-001,SWD-001
MRS-040,SRS-011,,,ARC-002,SWD-001
MRS-040,SRS-011,,,ARC-003,SWD-001
MRS-040,SRS-011,,,ARC-003,SWD-002
MRS-040,SRS-011,,,ARC-003,SWD-003
MRS-040,SRS-011,,,ARC-003,SWD-004
MRS-040,SRS-011,,,ARC-003,SWD-005
MRS-040,SRS-011,,,ARC-003,SWD-006
MRS-040,SRS-011,,,ARC-003,SWD-007
MRS-041,,,,,
MRS-042,SRS-018,,,,
MRS-043,,,,,
MRS-044,SRS-020,TST-005,TRP-005,,
MRS-044,SRS-020,,,ARC-003,SWD-001
MRS-044,SRS-020,,,ARC-003,SWD-002
MRS-044,SRS-020,,,ARC-003,SWD-003
MRS-044,SRS-020,,,ARC-003,SWD-004
MRS-044,SRS-020,,,ARC-003,SWD-005
MRS-044,SRS-020,,,ARC-003,SWD-006
MRS-044,SRS-020,,,ARC-003,SWD-007
MRS-044,SRS-020,,,ARC-004,SWD-001
MRS-044,SRS-020,,,ARC-004,SWD-002
MRS-044,SRS-020,,,ARC-004,SWD-003
MRS-044,SRS-020,,,ARC-004,SWD-004
MRS-044,SRS-020,,,ARC-004,SWD-005
MRS-044,SRS-020,,,ARC-004,SWD-006
MRS-044,SRS-020,,,ARC-004,SWD-007
MRS-044,SRS-021,TST-005,TRP-005,,
MRS-044,SRS-022,TST-005,TRP-005,,
MRS-044,SRS-024,TST-002,TRP-002,,
MRS-044,SRS-024,,,ARC-003,SWD-001
MRS-044,SRS-024,,,ARC-003,SWD-002
MRS-044,SRS-024,,,ARC-003,SWD-003
MRS-044,SRS-024,,,ARC-003,SWD-004
MRS-044,SRS-024,,,ARC-003,SWD-005
MRS-044,SRS-024,,,ARC-003,SWD-006
MRS-044,SRS-024,,,ARC-003,SWD-007
MRS-044,SRS-024,,,ARC-004,SWD-001
MRS-044,SRS-024,,,ARC-004,SWD-002
MRS-044,SRS-024,,,ARC-004,SWD-003
MRS-044,SRS-024,,,ARC-004,SWD-004
MRS-044,SRS-024,,,ARC-004,SWD-005
MRS-044,SRS-024,,,ARC-004,SWD-006
MRS-044,SRS-024,,,ARC-004,SWD-007
MRS-045,SRS-023,TST-003,TRP-003,,
MRS-045,SRS-023,,,ARC-003,SWD-001
MRS-045,SRS-023,,,ARC-003,SWD-002
MRS-045,SRS-023,,,ARC-003,SWD-003
MRS-045,SRS-023,,,ARC-003,SWD-004
MRS-045,SRS-023,,,ARC-003,SWD-005
MRS-045,SRS-023,,,ARC-003,SWD-006
MRS-045,SRS-023,,,ARC-003,SWD-007
MRS-045,SRS-023,,,ARC-004,SWD-001
MRS-045,SRS-023,,,ARC-004,SWD-002
MRS-045,SRS-023,,,ARC-004,SWD-003
MRS-045,SRS-023,,,ARC-004,SWD-004
MRS-045,SRS-023,,,ARC-004,SWD-005
MRS-045,SRS-023,,,ARC-004,SWD-006
MRS-045,SRS-023,,,ARC-004,SWD-007
MRS-046,SRS-024,TST-002,TRP-002,,
MRS-046,SRS-024,,,ARC-003,SWD-001
MRS-046,SRS-024,,,ARC-003,SWD-002
MRS-046,SRS-024,,,ARC-003,SWD-003
MRS-046,SRS-024,,,ARC-003,SWD-004
MRS-046,SRS-024,,,ARC-003,SWD-005
MRS-046,SRS-024,,,ARC-003,SWD-006
MRS-046,SRS-024,,,ARC-003,SWD-007
MRS-046,SRS-024,,,ARC-004,SWD-001
MRS-046,SRS-024,,,ARC-004,SWD-002
MRS-046,SRS-024,,,ARC-004,SWD-003
MRS-046,SRS-024,,,ARC-004,SWD-004
MRS-046,SRS-024,,,ARC-004,SWD-005
MRS-046,SRS-024,,,ARC-004,SWD-006
MRS-046,SRS-024,,,ARC-004,SWD-007
MRS-046,SRS-025,TST-006,TRP-006,,
MRS-051,SRS-026,TST-018,TRP-016,,
MRS-051,SRS-027,TST-018,TRP-016,,
MRS-053,SRS-028,TST-007,TRP-007,,
MRS-053,SRS-028,,,ARC-003,SWD-001
MRS-053,SRS-028,,,ARC-003,SWD-002
MRS-053,SRS-028,,,ARC-003,SWD-003
MRS-053,SRS-028,,,ARC-003,SWD-004
MRS-053,SRS-028,,,ARC-003,SWD-005
MRS-053,SRS-028,,,ARC-003,SWD-006
MRS-053,SRS-028,,,ARC-003,SWD-007
MRS-053,SRS-028,,,ARC-004,SWD-001
MRS-053,SRS-028,,,ARC-004,SWD-002
MRS-053,SRS-028,,,ARC-004,SWD-003
MRS-053,SRS-028,,,ARC-004,SWD-004
MRS-053,SRS-028,,,ARC-004,SWD-005
MRS-053,SRS-028,,,ARC-004,SWD-006
MRS-053,SRS-028,,,ARC-004,SWD-007
MRS-053,SRS-029,TST-007,TRP-007,,
MRS-053,SRS-029,,,ARC-003,SWD-001
MRS-053,SRS-029,,,ARC-003,SWD-002
MRS-053,SRS-029,,,ARC-003,SWD-003
MRS-053,SRS-029,,,ARC-003,SWD-004
MRS-053,SRS-029,,,ARC-003,SWD-005
MRS-053,SRS-029,,,ARC-003,SWD-006
MRS-053,SRS-029,,,ARC-003,SWD-007
MRS-053,SRS-029,,,ARC-004,SWD-001
MRS-053,SRS-029,,,ARC-004,SWD-002
MRS-053,SRS-029,,,ARC-004,SWD-003
MRS-053,SRS-029,,,ARC-004,SWD-004
MRS-053,SRS-029,,,ARC-004,SWD-005
MRS-053,SRS-029,,,ARC-004,SWD-006
MRS-053,SRS-029,,,ARC-004,SWD-007
MRS-053,SRS-030,TST-007,TRP-007,,
MRS-053,SRS-031,,,,
MRS-053,SRS-032,TST-007,TRP-007,,
MRS-053,SRS-033,TST-012,TRP-012,,
MRS-053,SRS-034,,,,
MRS-053,SRS-035,,,,
MRS-053,SRS-036,TST-007,TRP-007,,
MRS-053,SRS-037,TST-007,TRP-007,,
MRS-053,SRS-038,,,,
MRS-056,SRS-040,,,,
MRS-057,SRS-058,,,ARC-006,
MRS-058,SRS-049,TST-022,TRP-020,,
MRS-058,SRS-049,,,ARC-005,
MRS-058,SRS-049,,,ARC-008,SWD-011
MRS-058,SRS-049,,,ARC-008,SWD-012
MRS-058,SRS-049,,,ARC-008,SWD-013
MRS-058,SRS-049,,,ARC-008,SWD-014
MRS-058,SRS-050,TST-028,TRP-021,,
MRS-058,SRS-050,,,ARC-007,
MRS-058,SRS-051,TST-023,TRP-022,,
MRS-058,SRS-051,TST-026,TRP-024,,
MRS-058,SRS-051,,,ARC-012,SWD-010
MRS-058,SRS-052,TST-023,TRP-022,,
MRS-058,SRS-052,TST-026,TRP-024,,
MRS-058,SRS-052,,,ARC-009,SWD-008
MRS-058,SRS-053,TST-024,TRP-023,,
MRS-058,SRS-053,,,ARC-010,SWD-014
MRS-058,SRS-054,TST-023,TRP-022,,
MRS-058,SRS-054,TST-026,TRP-024,,
MRS-058,SRS-054,,,ARC-009,SWD-008
MRS-058,SRS-057,TST-024,TRP-023,,
MRS-058,SRS-057,TST-028,TRP-021,,
MRS-058,SRS-057,,,ARC-008,SWD-011
MRS-058,SRS-057,,,ARC-008,SWD-012
MRS-058,SRS-057,,,ARC-008,SWD-013
MRS-058,SRS-057,,,ARC-008,SWD-014
MRS-059,SRS-049,TST-022,TRP-020,,
MRS-059,SRS-049,,,ARC-005,
MRS-059,SRS-049,,,ARC-008,SWD-011
MRS-059,SRS-049,,,ARC-008,SWD-012
MRS-059,SRS-049,,,ARC-008,SWD-013
MRS-059,SRS-049,,,ARC-008,SWD-014
MRS-059,SRS-055,TST-025,TRP-025,,
MRS-059,SRS-055,,,ARC-011,SWD-009
MRS-059,SRS-057,TST-024,TRP-023,,
MRS-059,SRS-057,TST-028,TRP-021,,
MRS-059,SRS-057,,,ARC-008,SWD-011
MRS-059,SRS-057,,,ARC-008,SWD-012
MRS-059,SRS-057,,,ARC-008,SWD-013
MRS-059,SRS-057,,,ARC-008,SWD-014
MRS-060,SRS-051,TST-023,TRP-022,,
MRS-060,SRS-051,TST-026,TRP-024,,
MRS-060,SRS-051,,,ARC-012,SWD-010
MRS-060,SRS-056,TST-027,TRP-026,,
MRS-060,SRS-056,,,ARC-008,SWD-011
MRS-060,SRS-056,,,ARC-008,SWD-012
MRS-060,SRS-056,,,ARC-008,SWD-013
MRS-060,SRS-056,,,ARC-008,SWD-014
MRS-060,SRS-056,,,ARC-009,SWD-008
